{
  "pre_input": {
    "min": [
      0.0,
      0.0,
      0.0,
      0.0,
      0.0,
      0.0
    ],
    "max": [
      93.52002716064453,
      0.6801779866218567,
      11393.4931640625,
      69.0,
      953.059814453125,
      21479.056640625
    ]
  },
  "pre_real": {
    "min": [
      0.0,
      0.0
    ],
    "max": [
      71805.0,
      768.985595703125
    ]
  }
}