{
  "input": {
    "min": [
      0.0,
      0.0,
      0.0,
      0.0,
      0.0,
      0.0
    ],
    "max": [
      103.31816101074219,
      0.6541849970817566,
      14938.4111328125,
      71.0,
      1069.4310302734375,
      26382.900390625
    ]
  },
  "output": {
    "min": [
      0.0,
      0.0
    ],
    "max": [
      44659.0,
      44659.0
    ]
  }
}