编号,MAE,最大绝对误差
145,0.000525,0.011119
146,0.000574,0.014611
147,0.000580,0.016677
148,0.000572,0.020368
149,0.000579,0.021784
150,0.000612,0.021900
